Stock Name,Ticker,Cash On Hand,Receivables,Inventory,Pre-Paid Expenses,Other Current Assets,Total Current Assets,"Property, Plant, And Equipment",Long-Term Investments,Goodwill And Intangible Assets,Other Long-Term Assets,Total Long-Term Assets,Total Assets,Total Current Liabilities,Long Term Debt,Other Non-Current Liabilities,Total Long Term Liabilities,Total Liabilities,Common Stock Net,Retained Earnings (Accumulated Deficit),Comprehensive Income,Other Share Holders Equity,Share Holder Equity,Total Liabilities And Share Holders Equity,Year
ING Group,ING,"$228,582.8",-,-,-,-,"$947,253.9","$2,596.438","$100,617.1","$1,296.595","$8,039.324","$113,723.8","$1,060,978","$848,489.6","$134,930.3","$15,787.51","$152,284","$1,000,771","$18,562.53","$43,615.61",-,"$-2,994.724","$60,206.18","$1,060,978",2023
ING Group,ING,"$208,072.3",-,-,-,-,"$924,517.1","$2,577.106","$89,743.54","$1,161.067","$9,692.066","$104,675.2","$1,029,192","$849,792.7","$101,059.2","$15,485.81","$119,339.2","$969,131.8","$18,073.46","$43,764.44",-,"$-2,309.491","$60,059.41","$1,029,192",2022
ING Group,ING,"$244,830.7",-,-,-,-,"$1,012,324","$2,975.497","$97,105.3","$1,367.664","$7,743.39","$110,733.4","$1,123,058","$935,263.1","$108,589.6","$16,367.01","$125,324.6","$1,060,588","$20,283.07","$41,955.09",-,$-638.874,"$62,470.05","$1,123,058",2021
ING Group,ING,"$240,881.4",-,-,-,-,"$948,346.6","$3,245.274","$104,566.1","$1,592.366","$7,210.197","$118,437.1","$1,066,784","$898,469.3","$93,742.85","$14,050.29","$108,185","$1,006,652","$19,565.31","$36,723.8",-,"$2,675.267","$60,130.67","$1,066,784",2020
ING Group,ING,"$164,787.8",-,-,-,-,"$885,132.6","$3,552.64","$94,777.76","$2,145.92","$8,141.28","$110,008.6","$995,142.4","$788,775.8","$132,751.4","$15,139.04","$148,251","$937,026.8","$19,171.04","$33,449.92",-,"$4,494.56","$58,115.68","$995,142.4",2019
ING Group,ING,"$198,182.4",-,-,-,-,"$930,491","$1,959.279","$97,274.24","$2,171.859","$11,688.36","$114,225.1","$1,044,716","$827,052","$141,425.9","$17,149.3","$158,787.8","$985,840.9","$20,180.93","$33,468.36",-,"$4,276.401","$58,874.03","$1,044,716",2018
ING Group,ING,"$161,609.2",-,-,-,-,"$840,603","$2,035.67","$93,127.67","$1,660.411","$15,158.45","$113,232.3","$953,835.3","$769,179.4","$108,606","$20,093.34","$129,108.5","$898,287.8","$19,265.96","$30,542.97",-,"$4,947.323","$55,547.46","$953,835.3",2017
ING Group,ING,"$152,430.8",-,-,-,-,"$804,231.5","$2,215.413","$105,452.4","$1,642.194","$16,638.84","$127,764.7","$931,996.3","$743,209.2","$114,238.7","$20,892.61","$135,821.9","$879,031",$43.157,"$26,968.95",-,"$6,534.473","$52,965.2","$931,996.3",2016
ING Group,ING,"$173,399",-,-,-,-,"$799,017.2","$2,250.781","$110,165","$1,739.997","$17,181.22","$131,337","$930,354.2","$729,144.2","$134,679.3","$15,885.38","$150,564.7","$879,708.9","$1,030.451",-,-,"$31,080.1","$50,645.34","$930,354.2",2015
ING Group,ING,"$201,984.5",-,-,-,-,"$932,504","$2,791.53","$136,995","$2,199.991","$238,467.1","$380,453.6","$1,312,958","$1,051,232","$167,959.7","$21,078.71","$189,038.4","$1,240,270","$1,229.603",-,-,"$39,431.03","$72,687.45","$1,312,958",2014
PNC Financial Services,PNC,"$50,725",-,-,-,-,"$368,176",-,"$140,883","$14,618","$37,903","$193,404","$561,580","$437,039","$72,737",$663,"$73,400","$510,439","$2,716","$56,290","$-7,712",-,"$51,141","$561,580",2023
PNC Financial Services,PNC,"$34,363",-,-,-,-,"$356,657",-,"$147,771","$14,410","$38,425","$200,606","$557,263","$452,044","$58,713",$694,"$59,407","$511,451","$2,714","$53,572","$-10,172",-,"$45,812","$557,263",2022
PNC Financial Services,PNC,"$82,254",-,-,-,-,"$367,989",-,"$141,142","$12,734","$35,326","$189,202","$557,191","$470,019","$30,784",$662,"$31,446","$501,465","$2,713","$50,228",$409,-,"$55,726","$557,191",2021
PNC Financial Services,PNC,"$92,190",-,-,-,-,"$330,354",-,"$94,851","$10,475","$30,999","$136,325","$466,679","$374,859","$37,195",$584,"$37,779","$412,638","$2,713","$46,848","$2,770",-,"$54,041","$466,679",2020
PNC Financial Services,PNC,"$28,474",-,-,-,-,"$266,658",-,"$92,000","$10,877","$40,760","$143,637","$410,295","$300,371","$60,263",$318,"$60,581","$360,952","$2,712","$42,215",$799,-,"$49,343","$410,295",2019
PNC Financial Services,PNC,"$16,501",-,-,-,-,"$241,111",-,"$95,595","$11,201","$34,408","$141,204","$382,315","$276,841","$52,414","$5,290","$57,704","$334,545","$2,711","$38,919",$-725,-,"$47,770","$382,315",2018
PNC Financial Services,PNC,"$33,844",-,-,-,-,"$254,346",-,"$87,523","$11,005","$27,894","$126,422","$380,768","$273,798","$54,299","$5,086","$59,385","$333,183","$2,710","$35,481",$-148,-,"$47,585","$380,768",2017
PNC Financial Services,PNC,"$30,590",-,-,-,-,"$241,338",-,"$86,675","$10,861","$27,506","$125,042","$366,380","$266,519","$48,530","$4,477","$53,007","$319,526","$2,709","$31,670",$-265,-,"$46,854","$366,380",2016
PNC Financial Services,PNC,"$34,611",-,-,-,-,"$240,120",-,"$81,115","$10,692","$26,566","$118,373","$358,493","$257,720","$49,962","$4,831","$54,793","$312,513","$2,708","$29,043",$130,-,"$45,980","$358,493",2015
PNC Financial Services,PNC,"$40,344",-,-,-,-,"$244,092",-,"$66,551","$10,947","$23,482","$100,980","$345,072","$245,926","$48,263","$4,809","$53,072","$298,998","$2,705","$26,200",$503,-,"$46,074","$345,072",2014
Banco Bilbao Viscaya Argentaria S.A,BBVA,"$234,271.4",-,-,-,-,"$669,649.3","$10,014.52","$134,130.5","$2,557.475","$6,189.674","$169,737.1","$839,386.4","$659,907.5","$74,361.59","$43,488.98","$119,665.6","$779,573.1","$3,096.46","$46,869","$-17,591.71","$2,180.834","$59,813.31","$839,386.4",2023
Banco Bilbao Viscaya Argentaria S.A,BBVA,"$200,633.9",-,-,-,-,"$599,374.1","$9,205.303","$119,326.5","$2,271.562","$4,838.131","$151,989.2","$751,364.3","$597,096.2","$58,400","$41,143.08","$100,940.1","$698,037.4","$3,113.388","$40,283.34","$-18,366.36","$2,537.069","$53,327.96","$751,364.3",2022
Banco Bilbao Viscaya Argentaria S.A,BBVA,"$226,317.6",-,-,-,-,"$610,375.5","$8,634.264","$124,650.2","$2,599.271","$19,097.6","$173,884.9","$784,259.3","$613,328.5","$65,973.2","$45,175.49","$113,241.6","$726,571.3","$3,865.188","$42,546.64","$-19,492.76","$-2,197.017","$57,687.96","$784,259.3",2021
Banco Bilbao Viscaya Argentaria S.A,BBVA,"$198,505.5",-,-,-,-,"$561,021.3","$8,936.213","$131,680.9","$2,678.694","$20,889.24","$279,912.6","$840,933.9","$585,485.9","$70,571.3","$125,671.3","$198,309","$783,796","$3,731.894","$36,339.99","$-16,398.86",$-187.337,"$57,137.85","$840,933.9",2020
Banco Bilbao Viscaya Argentaria S.A,BBVA,"$164,629.9",-,-,-,-,"$656,491.4","$11,276.16","$80,124.8","$7,801.92","$6,232.8","$126,040.3","$782,532.8","$604,176.2","$71,638.56","$43,042.72","$116,840.6","$721,016.8","$3,659.04","$32,289.6","$-8,103.2",$-140,"$61,516","$782,532.8",2019
Banco Bilbao Viscaya Argentaria S.A,BBVA,"$175,157.7",-,-,-,-,"$670,776.1","$8,537.449","$79,835.61","$9,818.834","$9,750.337","$128,393.6","$799,169.7","$619,110.9","$72,173.27","$43,025","$117,614.6","$736,725.5","$3,858.327","$32,320.43","$-8,520.915",$-64.955,"$62,444.2","$799,169.7",2018
Banco Bilbao Viscaya Argentaria S.A,BBVA,"$121,366",-,-,-,-,"$609,114.1","$8,127.987","$101,712.3","$9,566.859","$7,847.674","$170,859.5","$779,973.7","$584,892.9","$72,243.13","$60,098.05","$134,809.8","$719,702.7","$3,692.69","$31,591.89","$-9,937.598","$-3,854.323","$60,270.99","$779,973.7",2017
Banco Bilbao Viscaya Argentaria S.A,BBVA,"$127,246.8",-,-,-,-,"$642,897","$9,894.11","$113,530.5","$10,829.19","$10,594.59","$166,973.8","$809,871.9","$617,477.2","$84,516.58","$42,786.69","$131,056.9","$748,535.3","$3,561.039","$28,387.61","$-6,039.823",$-52.01,"$61,336.63","$809,871.9",2016
Banco Bilbao Viscaya Argentaria S.A,BBVA,"$135,238.9",-,-,-,-,"$643,406.9","$11,041.82","$134,036.4","$11,409.36","$11,622.56","$189,482","$832,886.6","$633,804.1","$91,357.05","$42,299.58","$137,524.2","$771,326.1","$3,464.448","$26,538.56",-,"$-3,827.549","$61,559.46","$832,886.6",2015
Banco Bilbao Viscaya Argentaria S.A,BBVA,"$152,454.8",-,-,-,-,"$647,452.9","$10,395.13","$140,076.3","$9,798.271","$13,464.48","$192,589","$840,040.5","$628,656.5","$95,963.5","$42,593.43","$142,780.1","$771,436.7","$4,019.803","$29,352.27",-,$378.851,"$68,603.84","$840,040.5",2014
Spotify Technology,SPOT,"$4,560.813",$950.259,-,-,$181.826,"$5,692.898",$267.328,"$1,314.995","$1,321.488",$81.173,"$3,339.978","$9,032.876","$4,426.607",-,"$1,333.394","$1,875.626","$6,302.233",-,"$-4,526.179",-,"$1,961.128","$2,730.643","$9,032.876",2023
Spotify Technology,SPOT,"$3,529.56",$732.252,-,-,$323.455,"$4,585.267",$366.653,"$1,198.997","$1,364.412",$82.181,"$3,460.023","$8,045.29","$3,704.458",-,"$1,221.122","$1,811.138","$5,515.596",-,"$-3,842.479",-,"$1,602.526","$2,529.694","$8,045.29",2022
Spotify Technology,SPOT,"$4,140.85",$740.621,-,-,$291.043,"$5,172.513",$440.113,"$1,083.72","$1,162.987",$91.099,"$3,310.314","$8,482.827","$3,816.681",-,"$1,474.142","$2,159.157","$5,975.838",-,"$-3,809.582",-,"$1,009.184","$2,506.989","$8,482.827",2021
Spotify Technology,SPOT,"$1,995.598",$534.596,-,-,$172.487,"$2,702.682",$357.54,"$2,601.017",$951.536,$89.099,"$4,523.508","$7,226.19","$3,312.67",-,$50.261,$709.368,"$4,022.038",-,"$-3,758.167",-,"$1,927.06","$3,204.152","$7,226.19",2020
Spotify Technology,SPOT,"$1,967.84",$454.72,-,-,$76.16,"$2,498.72",$325.92,"$1,676.64",$600.32,$77.28,"$3,237.92","$5,736.64","$2,731.68",-,$24.64,$723.52,"$3,455.2",-,"$-3,034.08",-,"$1,034.88","$2,281.44","$5,736.64",2019
Spotify Technology,SPOT,"$2,132.886",$474.762,-,-,$44.878,"$2,652.526",$232.657,"$1,943.926",$205.494,$76.765,"$2,468.29","$5,120.816","$2,535.607",-,$109.833,$112.195,"$2,647.802",-,"$-2,958.405",-,"$1,033.375","$2,473.014","$5,120.816",2018
Spotify Technology,SPOT,"$1,705.623",$406.908,-,-,$32.779,"$2,145.309",$82.512,"$1,029.703",$183.109,$61.036,"$1,366.533","$3,511.842","$2,102.358","$1,067.003",$70.079,"$1,140.473","$3,242.831",-,"$-2,743.238",-,$200.063,$269.011,"$3,511.842",2017
Spotify Technology,SPOT,,,,,,,,,,,,,,,,,,,,,,,,2016
Spotify Technology,SPOT,,,,,,,,,,,,,,,,,,,,,,,,2015
Spotify Technology,SPOT,,,,,,,,,,,,,,,,,,,,,,,,2014
Roper Technologies,ROP,$214.3,$984,$118.6,-,$164.5,"$1,481.4",$119.6,$795.7,"$25,330.9",$407.7,"$26,686.1","$28,167.5","$2,963.2","$5,830.6",$415.8,"$7,759.5","$10,722.7",$1.1,"$14,816.3",$-122.8,-,"$17,444.8","$28,167.5",2023
Roper Technologies,ROP,$792.8,$877,$111.3,-,$151.3,"$1,932.4",$85.3,$535,"$23,976.8",$395.4,"$25,048.4","$26,980.8","$2,892.5","$5,962.5",$411.2,"$8,050.5","$10,943",$1.1,"$13,730.7",$-187,-,"$16,037.8","$26,980.8",2022
Roper Technologies,ROP,$351.5,$786.3,$69.2,-,"$1,214.1","$2,421.1",$82.7,-,"$19,985.4","$1,174.7","$21,292.8","$23,713.9","$3,121.8","$7,122.6",$439.5,"$9,028.3","$12,150.1",$1.1,"$9,455.6",$-183.1,-,"$11,563.8","$23,713.9",2021
Roper Technologies,ROP,$308.3,$840.4,$165.1,-,$438.5,"$1,752.3",$127.3,-,"$21,134.2",$907.8,"$22,272.5","$24,024.8","$2,444.4","$9,061.4",$507.7,"$11,100.6","$13,545",$1.1,"$8,546.2",$-147,-,"$10,479.8","$24,024.8",2020
Roper Technologies,ROP,$709.7,$993.6,$198.6,-,$97.6,"$1,999.5",$139.9,-,"$15,483.1",$390.8,"$16,109.4","$18,108.9","$2,397.4","$4,673.1",$438.4,"$6,219.6","$8,617",$1.1,"$7,818",$-212.8,-,"$9,491.9","$18,108.9",2019
Roper Technologies,ROP,$364.4,$891.9,$190.8,-,$163.6,"$1,610.7",$128.7,-,"$13,188.9",$269,"$13,638.8","$15,249.5","$1,448.2","$4,940.2",$191.5,"$6,062.8","$7,511",$1.1,"$6,247.7",$-243.3,-,"$7,738.5","$15,249.5",2018
Roper Technologies,ROP,$671.3,$809.7,$204.9,-,$73.5,"$1,759.4",$142.5,-,"$12,295.5",$88.3,"$12,557","$14,316.4","$2,029.4","$4,354.6",$239.2,"$5,423.4","$7,452.8",$1,"$5,464.6",$-186.2,-,"$6,863.6","$14,316.4",2017
Roper Technologies,ROP,$757.2,$749.819,$181.952,$31.679,$55.851,"$1,776.501",$141.318,-,"$12,302.98",$73.503,"$12,548.43","$14,324.93","$1,445.272","$5,808.561",$104.024,"$7,090.79","$8,536.062",$1.036,"$4,642.402",$-324.739,-,"$5,788.865","$14,324.93",2016
Roper Technologies,ROP,$778.511,$610.313,$189.868,-,$39.355,"$1,618.047",$105.51,-,"$8,353.723",$59.554,"$8,550.318","$10,168.37",$720.128,"$3,264.417",$74.017,"$4,149.29","$4,869.418",$1.028,"$4,110.53",$-212.779,-,"$5,298.947","$10,168.37",2015
Roper Technologies,ROP,$610.43,$607.947,$193.766,-,$45.763,"$1,512.105",$110.876,-,"$6,689.42",$60.288,"$6,888.08","$8,400.185",$627.947,"$2,190.282",$90.77,"$3,016.878","$3,644.825",$1.021,"$3,520.201",$-71.927,-,"$4,755.36","$8,400.185",2014
NetEase,NTES,"$18,239.44",$904.579,$97.941,$855.871,-,"$20,097.83","$1,137.346","$3,215.987",$573.972,$836.582,"$6,089.154","$26,186.98","$7,583.556",$60.282,$100.745,$579.468,"$8,163.024",$0.382,"$15,805.09",$86.872,$217.103,"$18,023.96","$26,186.98",2023
NetEase,NTES,"$17,421.33",$725.348,$144.064,$789.927,-,"$19,080.67",$919.551,"$3,119.845",$597.6,$986.883,"$5,967.318","$25,047.99","$8,239.409",$529.92,$87.707,"$1,043.191","$9,282.6",$0.393,"$13,204.59",$62.603,$185.389,"$15,765.39","$25,047.99",2022
NetEase,NTES,"$15,756.71",$864.324,$151.388,$978.541,$0.078,"$17,751.04",$852.691,"$3,864.787",$644.649,$629.394,"$6,359.048","$24,110.08","$7,924.76",$200.097,$57.368,$606.339,"$8,531.099",$0.438,"$12,160.57",$-129.941,$195.387,"$15,578.99","$24,110.08",2021
NetEase,NTES,"$14,792.48",$701.371,$95.204,$936.771,-,"$16,525.83",$698.147,"$2,810.921",$640.346,$782.94,"$5,217.401","$21,743.23","$7,163.753",-,$22.812,"$1,859.507","$9,023.26",$0.428,"$9,833.362",$-99.687,$188.268,"$12,719.97","$21,743.23",2020
NetEase,NTES,"$10,801.29",$598.891,$93.447,$691.979,$38.967,"$12,224.57",$663.867,"$1,673.973",$532.503,$814.302,"$3,881.088","$16,105.66","$5,493.265",-,$25.557,"$1,621.491","$7,114.756",$0.379,"$8,100.439",$-10.262,$174.554,"$8,990.902","$16,105.66",2019
NetEase,NTES,"$7,967.654",$623.736,$729.812,$673.085,-,"$9,994.287",$782.28,$777.559,$509.428,$430.612,"$2,654.674","$12,648.96","$5,106.393",-,$7.804,$848.386,"$5,954.779",$0.381,"$6,399.155",$2.48,$176.653,"$6,694.182","$12,648.96",2018
NetEase,NTES,"$7,536.862",$556.342,$841.481,$586.514,-,"$9,521.199",$579.335,$428.013,$91.185,$171.029,"$1,396.131","$10,917.33","$3,650.326",-,$2.805,$130.053,"$3,780.379",$0.412,"$6,567.954",$5.623,$185.393,"$7,136.951","$10,917.33",2017
NetEase,NTES,"$5,740.456",$612.314,$227.298,$532.616,-,"$7,189.933",$348.482,$362.96,$84.817,$368.681,"$1,168.395","$8,358.328","$2,813.626",-,$0.029,$4.886,"$2,818.512",$0.385,"$5,088.408",$8.855,$167.098,"$5,539.816","$8,358.328",2016
NetEase,NTES,"$4,302.527",$403.555,$126.241,$416.115,-,"$5,311.822",$322.956,$443.769,$36.877,$234.377,"$1,041.79","$6,353.612","$1,801.139",-,$13.118,$25.689,"$1,826.828",$0.415,"$4,078.498",$4.238,$156.059,"$4,526.784","$6,353.612",2015
NetEase,NTES,"$4,062.377",$140.724,-,$234.007,-,"$4,469.671",$206.496,$108.468,$12.515,$91.725,$422.614,"$4,892.285","$1,088.942",-,$17.153,$38.691,"$1,127.633",$0.431,"$3,420.684",-,$151.062,"$3,764.652","$4,892.285",2014
Marathon Petroleum,MPC,"$10,224","$11,619","$9,317",-,$971,"$32,131","$35,112","$6,260","$8,244","$3,007","$52,623","$85,987","$20,150","$25,329","$2,511","$35,333","$55,483",$10,"$34,562",$-131,-,"$30,504","$85,987",2023
Marathon Petroleum,MPC,"$11,770","$13,477","$8,827",-,"$1,168","$35,242","$35,657","$6,466","$8,244","$3,081","$53,448","$89,904","$20,020","$25,634","$2,418","$35,765","$55,785",$10,"$26,142",$2,-,"$34,119","$89,904",2022
Marathon Petroleum,MPC,"$10,839","$11,034","$8,055",-,$568,"$30,496","$37,440","$5,409","$8,256","$2,400","$53,505","$85,373","$17,898","$24,968","$2,361","$34,859","$52,757",$10,"$12,905",$-67,-,"$32,616","$85,373",2021
Marathon Petroleum,MPC,$415,"$5,760","$7,999",-,"$14,113","$28,287","$39,035","$5,422","$8,256","$2,637","$55,350","$85,158","$15,663","$28,730","$3,328","$40,243","$55,906",$10,"$4,650",$-512,-,"$29,252","$85,158",2020
Marathon Petroleum,MPC,"$1,393","$7,233","$9,804",-,"$12,028","$30,458","$40,870","$6,568","$15,650","$3,204","$66,292","$98,556","$16,948","$28,020","$2,789","$39,469","$56,417",$10,"$15,990",$-320,-,"$42,139","$98,556",2019
Marathon Petroleum,MPC,"$1,687","$5,853","$9,837",-,$646,"$18,023","$45,058","$5,898","$20,184","$3,777","$74,917","$92,940","$13,216","$26,980","$2,827","$35,675","$48,891",$10,"$14,755",$-144,-,"$44,049","$92,940",2018
Marathon Petroleum,MPC,"$3,011","$4,695","$5,550",-,$145,"$13,401","$26,443","$4,787","$3,586",$830,"$35,646","$49,047","$10,478","$12,322","$1,765","$17,741","$28,219",$7,"$12,864",$-231,-,"$20,828","$49,047",2017
Marathon Petroleum,MPC,$887,"$3,617","$5,656",-,$241,"$10,401","$25,765","$3,827","$3,587",$833,"$34,012","$44,413","$7,146","$10,544","$1,659","$17,064","$24,210",$7,"$10,206",$-234,-,"$20,203","$44,413",2016
Marathon Petroleum,MPC,"$1,127","$2,927","$5,225",-,$192,"$9,471","$25,164","$3,622","$4,019",$839,"$33,644","$43,115","$6,345","$11,896","$1,914","$17,095","$23,440",$7,"$9,752",$-318,-,"$19,675","$43,115",2015
Marathon Petroleum,MPC,"$1,494","$4,058","$5,642",-,$145,"$11,339","$16,261",$865,"$1,566",$394,"$19,086","$30,425","$8,579","$6,575","$1,867","$10,456","$19,035",$7,"$7,515",$-313,-,"$11,390","$30,425",2014
O'Reilly Automotive,ORLY,$279.132,$515.492,"$4,658.367",-,$105.311,"$5,558.302","$5,036.98",-,$897.696,$179.463,"$8,314.692","$13,873","$7,661.353","$5,570.125",$203.98,"$7,950.92","$15,612.27",$0.591,"$-3,131.532",$39.388,-,"$-1,739.278","$13,873",2023
O'Reilly Automotive,ORLY,$108.583,$470.174,"$4,359.126",-,$110.376,"$5,048.259","$4,424.041",-,$884.445,$158.967,"$7,579.72","$12,627.98","$7,063.817","$4,371.653",$201.258,"$6,624.914","$13,688.73",$0.624,"$-2,375.86",$2.996,-,"$-1,060.752","$12,627.98",2022
O'Reilly Automotive,ORLY,$362.113,$385.674,"$3,686.383",-,$70.092,"$4,504.262","$4,213.515",-,$879.34,$139.112,"$7,214.445","$11,718.71","$5,874.615","$3,826.978",$206.568,"$5,910.515","$11,785.13",$0.67,"$-1,365.802",$-6.799,-,$-66.423,"$11,718.71",2021
O'Reilly Automotive,ORLY,$465.64,$330.294,"$3,653.195",-,$50.658,"$4,499.787","$4,094.918",-,$881.03,$125.78,"$7,096.855","$11,596.64","$5,262.417","$4,123.217",$196.16,"$6,193.967","$11,456.38",$0.711,"$-1,139.139",$-2.155,-,$140.258,"$11,596.64",2020
O'Reilly Automotive,ORLY,$40.406,$294.407,"$3,454.092",-,$44.757,"$3,833.662","$3,948.203",-,$936.814,$70.112,"$6,883.498","$10,717.16","$4,469.427","$3,890.527",$171.289,"$5,850.393","$10,319.82",$0.756,$-889.066,$4.89,-,$397.34,"$10,717.16",2019
O'Reilly Automotive,ORLY,$31.315,$270.181,"$3,193.344",-,$48.262,"$3,543.102","$3,587.002",-,$807.26,$43.425,"$4,437.687","$7,980.789","$3,894.02","$3,417.122",$210.414,"$3,733.102","$7,627.122",$0.79,$-909.186,-,-,$353.667,"$7,980.789",2018
O'Reilly Automotive,ORLY,$46.348,$292.487,"$3,009.8",-,$49.037,"$3,397.672","$3,343.806",-,$789.058,$41.349,"$4,174.213","$7,571.885","$3,647.366","$2,978.39",$207.677,"$3,271.473","$6,918.839",$0.843,$-612.84,-,-,$653.046,"$7,571.885",2017
O'Reilly Automotive,ORLY,$146.598,$279.379,"$2,778.976",-,$53.022,"$3,257.975","$3,123.431",-,$785.399,$37.384,"$3,946.214","$7,204.189","$3,400.649","$1,887.019",$199.219,"$2,176.404","$5,577.053",$0.929,$289.5,-,-,"$1,627.136","$7,204.189",2016
O'Reilly Automotive,ORLY,$116.301,$233.687,"$2,631.015",-,$29.023,"$3,010.026","$2,861.556",-,$757.142,$34.741,"$3,666.658","$6,676.684","$3,046.398","$1,390.018",$199.182,"$1,668.972","$4,715.37",$0.977,$678.84,-,-,"$1,961.314","$6,676.684",2015
O'Reilly Automotive,ORLY,$250.56,$213.211,"$2,554.789",-,$46.82,"$3,065.38","$2,658.56",-,$756.384,$38.41,"$3,466.703","$6,532.083","$2,813.298","$1,388.397",$209.548,"$1,700.367","$4,513.665",$1.016,$822.473,-,-,"$2,018.418","$6,532.083",2014
Republic Services,RSG,$140,"$1,768.4",-,$472.6,-,"$2,381","$11,350.9",-,"$16,330.7","$1,347.5","$29,029.1","$31,410.1","$4,228.3","$11,887.1","$3,224.4","$16,638.3","$20,866.6",$3.2,"$8,433.9",$-12.1,-,"$10,543.5","$31,410.1",2023
Republic Services,RSG,$143.4,"$1,677.2",-,$536.5,-,"$2,357.1","$10,744",-,"$14,798.7","$1,153.1","$26,695.8","$29,052.9","$3,390.7","$11,329.5","$3,117.1","$15,975.4","$19,366.1",$3.2,"$7,356.3",$-12.1,-,"$9,686.8","$29,052.9",2022
Republic Services,RSG,$29,"$1,271.4",-,$410.4,-,"$1,710.8","$9,232.1",-,"$13,085.5",$926.6,"$23,244.2","$24,955","$2,415.6","$9,546.2","$2,784","$13,559.7","$15,975.3",$3.2,"$6,475.6",$-14.6,-,"$8,979.7","$24,955",2021
Republic Services,RSG,$38.2,"$1,091.3",-,$392.3,-,"$1,521.8","$8,726.2",-,"$12,219.5",$966.5,"$21,912.2","$23,434","$2,282","$8,766.1","$2,658.3","$12,663.2","$14,945.2",$3.2,"$5,751.8",$-12.4,-,"$8,488.8","$23,434",2020
Republic Services,RSG,$47.1,"$1,125.9",-,$433,-,"$1,606","$8,383.5",-,"$11,767.3",$927,"$21,077.8","$22,683.8","$3,064.6","$7,758.6","$2,559.1","$11,498.3","$14,562.9",$3.5,"$5,317.3",$2.2,-,"$8,120.9","$22,683.8",2019
Republic Services,RSG,$70.5,"$1,102.7",-,$391.2,-,"$1,564.4","$8,020.1",-,"$11,506.6",$525.9,"$20,052.6","$21,617","$2,718.6","$7,646.8","$2,293.8","$10,968.9","$13,687.5",$3.5,"$4,750.5",$30.8,-,"$7,929.5","$21,617",2018
Republic Services,RSG,$83.3,"$1,105.9",-,$247.6,-,"$1,436.8","$7,777.4",-,"$11,456.5",$476.3,"$19,710.2","$21,147","$2,634.8","$7,480.7","$2,274","$10,551.1","$13,185.9",$3.5,"$4,152.5",$22.6,-,"$7,961.1","$21,147",2017
Republic Services,RSG,$67.8,$994.8,-,$221.9,-,"$1,284.5","$7,588.6",-,"$11,345.5",$411,"$19,345.1","$20,629.6","$1,812","$7,653.1","$2,260.6","$11,123.9","$12,935.9",$3.5,"$3,324",$14.2,-,"$7,693.7","$20,629.6",2016
Republic Services,RSG,$32.4,$962.9,-,$235,-,"$1,230.3","$7,552.8",-,"$11,391.9",$360.9,"$19,305.6","$20,535.9","$1,834.8","$7,527.4","$2,265.3","$10,924.5","$12,759.3",$3.5,"$3,138.3",$-30.5,-,"$7,776.6","$20,535.9",2015
Republic Services,RSG,$75.2,$930.4,-,$263.4,-,"$1,391","$7,165.3",-,"$11,129.8",$407.9,"$18,703","$20,094","$1,826","$7,050.8","$2,320.4","$10,520.2","$12,346.2",$4.1,"$2,795",$-28.9,-,"$7,747.8","$20,094",2014
Bank Of Nova Scotia,BNS,"$340,882.4",-,-,-,-,"$911,418.6","$4,182.979","$89,088.11","$12,746.89","$25,905.26","$134,540.4","$1,045,959","$865,555.6","$27,040.34","$95,039.33","$122,079.7","$987,635.3","$14,908.81","$41,330.09","$-5,191.283",-,"$58,323.71","$1,045,959",2023
Bank Of Nova Scotia,BNS,"$318,957.2",-,-,-,-,"$912,806","$4,427.76","$87,499.52","$13,075.87","$28,940.46","$135,421.9","$1,048,228","$866,271.8","$23,995.35","$99,895.7","$123,891.1","$990,162.9","$14,531.6","$41,761.54","$-5,684.623",-,"$58,065.02","$1,048,228",2022
Bank Of Nova Scotia,BNS,"$320,848.7",-,-,-,-,"$843,671","$4,470.381","$61,876.73","$13,205.16","$17,452.06","$98,635.5","$942,306.4","$781,082.4","$22,926.11","$80,326.89","$103,253","$884,335.4","$14,718.62","$40,841.84","$-4,064.778",-,"$57,971.01","$942,306.4",2021
Bank Of Nova Scotia,BNS,"$268,021.2",-,-,-,-,"$727,372.8","$4,386.778","$84,703.42","$12,657.46","$14,671.2","$118,044.3","$845,417.1","$695,403.6","$19,567.55","$77,998.66","$97,566.22","$792,969.9","$13,567.99","$34,476.05","$-1,312.983",-,"$52,447.18","$845,417.1",2020
Bank Of Nova Scotia,BNS,"$261,243.8",-,-,-,-,"$717,483.4","$2,008.156","$66,190.88","$13,140.67","$17,223.19","$99,744.16","$817,227.6","$678,497.8","$14,662.02","$71,255.29","$85,917.3","$764,415.1","$13,741.83","$33,435.9",$703.494,-,"$52,812.46","$817,227.6",2019
Bank Of Nova Scotia,BNS,"$238,801.3",-,-,-,-,"$680,320.8","$2,085.736","$64,699.79","$13,769.43","$13,547.18","$95,608.17","$775,928.9","$642,052.4","$10,790.81","$70,491.52","$81,282.33","$723,334.8","$14,169.64","$32,182.82","$1,084.832",-,"$52,594.13","$775,928.9",2018
Bank Of Nova Scotia,BNS,"$225,313.2",-,-,-,-,"$621,528.9","$1,821.465","$56,509.02","$9,261.09","$9,752.985","$78,655.01","$700,183.9","$585,635.1","$8,107.47","$59,298.21","$67,405.68","$653,040.8","$11,967.66","$29,159.51","$1,295.145",-,"$47,143.13","$700,183.9",2017
Bank Of Nova Scotia,BNS,"$224,127.4",-,-,-,-,"$595,350.1","$1,900.836","$58,412.23","$9,157.956","$9,707.841","$80,703.3","$676,053.4","$561,387.8","$6,858.096","$64,193.2","$71,051.29","$632,439.1","$11,701.46","$26,213.43","$1,804.286",-,"$43,614.38","$676,053.4",2016
Bank Of Nova Scotia,BNS,"$251,391.6",-,-,-,-,"$629,305.9","$1,842.328","$38,336.71","$9,226.955","$9,915.209","$60,960.44","$690,266.4","$570,946.1","$6,179.779","$70,040.73","$76,220.51","$647,166.7","$12,202.4","$25,238.13","$2,117.952",-,"$43,099.69","$690,266.4",2015
Bank Of Nova Scotia,BNS,"$279,757.2",-,-,-,-,"$669,357.7","$2,086.15","$38,677.33","$9,993.68","$19,647.63","$70,404.79","$739,762.5","$657,737.9","$4,472.55","$32,366.55","$36,839.1","$694,577","$13,985.1","$26,268.78",-,"$2,237.65","$45,185.54","$739,762.5",2014
